<?xml version="1.0" encoding="UTF-8"?>
    <addon id="repository.BNT" name="BNT" version="1.0.2" provider-name="BNT">
        <requires>
            <import addon="xbmc.addon" version="21.0.0"/>
        </requires>
        <extension point="xbmc.addon.repository" name="BNT">
            <info compressed="false">http://pro.bhokodi.top/_Repo/addons.xml</info>
            <checksum>http://pro.bhokodi.top/_Repo/addons.xml.md5</checksum>
            <datadir zip="true">http://pro.bhokodi.top/_Repo/</datadir>
            <hashes>false</hashes>
        </extension>
        <extension point="xbmc.addon.metadata">
            <summary>A short summary of this repository</summary>
            <description>The description can be longer. Using [CR] you can create a newline. The use of other markup is not advised.</description>
            <platform>all</platform>
    </extension>
</addon>